3.38;A119;;;
3.47;A128;;;
3.53;A134;;;
4.42;A150;;;
5.38;A198;;;
5.40;A200;;;
5.42;A202;;;
5.65;A226;;;
6.33;A271;;;
8.53;A335;;;
1.45;A46;;;
1.56;A57;;;
1.58;A59;;;
2.47;A76;;;
2.49;A78;;;
2.551;A85;;;
2.61;A91;;;
2.62;A92;;;
3.25;C106;;;
3.35;C116;;;
3.44;C125;;;
45.50;C191;;;
6.27;C265;;;
6.47;C285;;;
7.54;C327;;;
8.59;C341;;;
2.48;C77;;;
3.32;D113;;;
3.49;D130;;;
45.51;D192;;;
5.73;D234;;;
1.28;D29;;;
8.49;D331;;;
2.50;D79;;;
3.26;E107;;;
3.41;E122;;;
5.64;E225;;;
5.76;E237;;;
6.30;E268;;;
1.26;E27;;;
1.29;E30;;;
7.32;E306;;;
8.56;E338;;;
12.48;E62;;;
23.52;F101;;;
3.23;F104;;;
3.27;F108;;;
3.52;F133;;;
34.51;F139;;;
4.58;F166;;;
45.52;F193;;;
5.47;F208;;;
5.56;F217;;;
5.62;F223;;;
6.26;F264;;;
6.44;F282;;;
6.51;F289;;;
6.52;F290;;;
7.48;F321;;;
8.50;F332;;;
8.54;F336;;;
1.48;F49;;;
1.60;F61;;;
2.42;F71;;;
2.59;F89;;;
3.21;G102;;;
4.54;G162;;;
6.38;G276;;;
6.42;G280;;;
7.41;G315;;;
7.47;G320;;;
1.34;G35;;;
1.36;G37;;;
1.49;G50;;;
2.54;G83;;;
2.60;G90;;;
4.64;H172;;;
6.31;H269;;;
6.58;H296;;;
2.63;H93;;;
3.31;I112;;;
3.40;I121;;;
3.46;I127;;;
3.54;I135;;;
4.45;I153;;;
4.46;I154;;;
4.51;I159;;;
4.61;I169;;;
5.41;I201;;;
5.45;I205;;;
5.53;I214;;;
5.72;I233;;;
6.39;I277;;;
6.40;I278;;;
6.53;I291;;;
6.56;I294;;;
6.60;I298;;;
7.35;I309;;;
7.40;I314;;;
7.52;I325;;;
8.52;I334;;;
1.37;I38;;;
1.42;I43;;;
1.46;I47;;;
1.54;I55;;;
1.57;I58;;;
2.43;I72;;;
2.64;I94;;;
34.52;K140;;;
4.39;K147;;;
4.41;K149;;;
5.66;K227;;;
5.71;K232;;;
5.74;K235;;;
6.25;K263;;;
6.29;K267;;;
6.32;K270;;;
6.35;K273;;;
7.31;K305;;;
1.59;K60;;;
2.67;K97;;;
3.34;L115;;;
3.43;L124;;;
34.56;L144;;;
34.57;L145;;;
4.47;L155;;;
4.55;L163;;;
4.59;L167;;;
5.51;L212;;;
5.69;L230;;;
6.28;L266;;;
6.34;L272;;;
6.37;L275;;;
6.46;L284;;;
6.49;L287;;;
7.36;L310;;;
7.37;L311;;;
7.51;L324;;;
8.57;L339;;;
8.58;L340;;;
1.41;L42;;;
1.44;L45;;;
1.52;L53;;;
12.50;L64;;;
2.46;L75;;;
2.51;L80;;;
2.55;L84;;;
2.65;L95;;;
4.48;M156;;;
4.63;M171;;;
5.54;M215;;;
6.41;M279;;;
1.35;M36;;;
1.39;M40;;;
2.53;M82;;;
2.66;M96;;;
23.49;M98;;;
3.22;N103;;;
4.40;N148;;;
5.36;N196;;;
6.55;N293;;;
7.38;N312;;;
7.45;N318;;;
7.49;N322;;;
1.50;N51;;;
2.40;N69;;;
34.50;P138;;;
4.60;P168;;;
5.50;P211;;;
6.50;P288;;;
7.50;P323;;;
8.48;P330;;;
2.58;P88;;;
34.54;Q142;;;
4.62;Q170;;;
5.37;Q197;;;
5.63;Q224;;;
5.68;Q229;;;
5.70;Q231;;;
1.25;Q26;;;
6.61;Q299;;;
8.55;Q337;;;
12.51;Q65;;;
3.50;R131;;;
4.43;R151;;;
5.60;R221;;;
5.67;R228;;;
1.27;R28;;;
7.30;R304;;;
7.55;R328;;;
8.51;R333;;;
12.49;R63;;;
3.30;S111;;;
3.39;S120;;;
3.56;S137;;;
34.55;S143;;;
4.53;S161;;;
4.57;S165;;;
5.43;S203;;;
5.44;S204;;;
5.461;S207;;;
5.59;S220;;;
5.75;S236;;;
6.24;S262;;;
7.46;S319;;;
8.47;S329;;;
1.40;S41;;;
2.45;S74;;;
23.51;T100;;;
3.29;T110;;;
3.37;T118;;;
3.42;T123;;;
3.55;T136;;;
4.38;T146;;;
4.56;T164;;;
6.36;T274;;;
6.43;T281;;;
6.45;T283;;;
1.55;T56;;;
2.37;T66;;;
2.39;T68;;;
2.44;T73;;;
3.33;V114;;;
3.36;V117;;;
3.45;V126;;;
3.48;V129;;;
4.44;V152;;;
4.49;V157;;;
4.52;V160;;;
5.46;V206;;;
5.49;V210;;;
5.52;V213;;;
5.55;V216;;;
5.57;V218;;;
5.61;V222;;;
6.54;V292;;;
6.57;V295;;;
6.59;V297;;;
7.33;V307;;;
1.30;V31;;;
7.43;V317;;;
1.32;V33;;;
1.33;V34;;;
1.38;V39;;;
1.43;V44;;;
1.47;V48;;;
1.51;V52;;;
1.53;V54;;;
2.38;V67;;;
2.52;V81;;;
2.56;V86;;;
2.57;V87;;;
3.24;W105;;;
3.28;W109;;;
4.50;W158;;;
6.48;W286;;;
7.39;W313;;;
1.31;W32;;;
23.50;W99;;;
3.51;Y132;;;
34.53;Y141;;;
5.39;Y199;;;
5.48;Y209;;;
5.58;Y219;;;
7.34;Y308;;;
7.42;Y316;;;
7.53;Y326;;;
2.41;Y70;;;