1.29;A31;;;
1.30;G32;;;
1.31;Q33;;;
1.32;G34;;;
1.33;A35;;;
1.34;A36;;;
1.35;A37;;;
1.36;L38;;;
1.37;V39;;;
1.38;G40;;;
1.39;G41;;;
1.40;V42;;;
1.41;L43;;;
1.42;L44;;;
1.43;I45;;;
1.44;G46;;;
1.45;A47;;;
1.46;V48;;;
1.47;L49;;;
1.48;A50;;;
1.49;G51;;;
1.50;N52;;;
1.51;S53;;;
1.52;L54;;;
1.53;V55;;;
1.54;C56;;;
1.55;V57;;;
1.56;S58;;;
1.57;V59;;;
1.58;A60;;;
1.59;T61;;;
1.60;E62;;;
ICL1;R63;;;
ICL1;A64;;;
ICL1;L65;;;
ICL1;Q66;;;
2.37;T67;;;
2.38;P68;;;
2.39;T69;;;
2.40;N70;;;
2.41;S71;;;
2.42;F72;;;
2.43;I73;;;
2.44;V74;;;
2.45;S75;;;
2.46;L76;;;
2.47;A77;;;
2.48;A78;;;
2.49;A79;;;
2.50;D80;;;
2.51;L81;;;
2.52;L82;;;
2.53;L83;;;
2.54;A84;;;
2.55;L85;;;
2.551;L86;;;
2.56;V87;;;
2.57;L88;;;
2.58;P89;;;
2.59;L90;;;
2.60;F91;;;
2.61;V92;;;
2.62;Y93;;;
2.63;S94;;;
2.64;E95;;;
2.65;V96;;;
2.66;Q97;;;
2.67;G98;;;
ECL1;A100;;;
ECL1;W101;;;
ECL1;L102;;;
ECL1;L103;;;
3.21;S104;;;
3.22;P105;;;
3.23;R106;;;
3.24;L107;;;
3.25;C108;;;
3.26;D109;;;
3.27;A110;;;
3.28;L111;;;
3.29;M112;;;
3.30;A113;;;
3.31;M114;;;
3.32;D115;;;
3.33;V116;;;
3.34;M117;;;
3.35;L118;;;
3.36;C119;;;
3.37;T120;;;
3.38;A121;;;
3.39;S122;;;
3.40;I123;;;
3.41;F124;;;
3.42;N125;;;
3.43;L126;;;
3.44;C127;;;
3.45;A128;;;
3.46;I129;;;
3.47;S130;;;
3.48;V131;;;
3.49;D132;;;
3.50;R133;;;
3.51;F134;;;
3.52;V135;;;
3.53;A136;;;
3.54;V137;;;
3.55;A138;;;
3.56;V139;;;
ICL2;P140;;;
ICL2;L141;;;
ICL2;R142;;;
ICL2;Y143;;;
ICL2;N144;;;
ICL2;R145;;;
ICL2;Q146;;;
ICL2;G147;;;
4.38;G148;;;
4.39;S149;;;
4.40;R150;;;
4.41;R151;;;
4.42;Q152;;;
4.43;L153;;;
4.44;L154;;;
4.45;L155;;;
4.46;I156;;;
4.47;G157;;;
4.48;A158;;;
4.49;T159;;;
4.50;W160;;;
4.51;L161;;;
4.52;L162;;;
4.53;S163;;;
4.54;A164;;;
4.55;A165;;;
4.56;V166;;;
4.57;A167;;;
4.59;A168;;;
4.60;P169;;;
4.61;V170;;;
4.62;L171;;;
4.63;C172;;;
4.64;G173;;;
ECL2;C185;;;
ECL2;R186;;;
ECL2;L187;;;
5.36;D189;;;
5.37;R190;;;
5.38;D191;;;
5.39;Y192;;;
5.40;V193;;;
5.41;V194;;;
5.42;Y195;;;
5.43;S196;;;
5.44;S197;;;
5.45;V198;;;
5.46;C199;;;
5.461;S200;;;
5.47;F201;;;
5.48;F202;;;
5.49;L203;;;
5.50;P204;;;
5.51;C205;;;
5.52;P206;;;
5.53;L207;;;
5.54;M208;;;
5.55;L209;;;
5.56;L210;;;
5.57;L211;;;
5.58;Y212;;;
5.59;W213;;;
5.60;A214;;;
5.61;T215;;;
5.62;F216;;;
5.63;R217;;;
5.64;G218;;;
5.65;L219;;;
5.66;Q220;;;
5.67;R221;;;
5.68;W222;;;
5.69;E223;;;
5.70;V224;;;
5.71;A225;;;
5.72;R226;;;
5.73;R227;;;
5.74;A228;;;
5.75;K229;;;
6.24;A383;;;
6.25;K384;;;
6.26;I385;;;
6.27;T386;;;
6.28;G387;;;
6.29;R388;;;
6.30;E389;;;
6.31;R390;;;
6.32;K391;;;
6.33;A392;;;
6.34;M393;;;
6.35;R394;;;
6.36;V395;;;
6.37;L396;;;
6.38;P397;;;
6.39;V398;;;
6.40;V399;;;
6.41;V400;;;
6.42;G401;;;
6.43;A402;;;
6.44;F403;;;
6.45;L404;;;
6.46;L405;;;
6.47;C406;;;
6.48;W407;;;
6.49;T408;;;
6.50;P409;;;
6.51;F410;;;
6.52;F411;;;
6.53;V412;;;
6.54;V413;;;
6.55;H414;;;
6.56;I415;;;
6.57;T416;;;
6.58;Q417;;;
6.59;A418;;;
6.60;L419;;;
6.61;C420;;;
7.30;P426;;;
7.31;P427;;;
7.32;R428;;;
7.33;L429;;;
7.34;V430;;;
7.35;S431;;;
7.36;A432;;;
7.37;V433;;;
7.38;T434;;;
7.39;W435;;;
7.40;L436;;;
7.41;G437;;;
7.42;Y438;;;
7.43;V439;;;
7.45;N440;;;
7.46;S441;;;
7.47;A442;;;
7.48;L443;;;
7.49;N444;;;
7.50;P445;;;
7.51;V446;;;
7.52;I447;;;
7.53;Y448;;;
7.54;T449;;;
7.55;V450;;;
7.56;F451;;;
8.47;N452;;;
8.48;A453;;;
8.49;E454;;;
8.50;F455;;;
8.51;R456;;;
8.52;N457;;;
8.53;V458;;;
8.54;F459;;;
8.55;R460;;;
8.56;K461;;;
8.57;A462;;;
8.58;L463;;;
8.59;R464;;;